<?xml version="1.0" encoding="UTF-8"?>
<project-private xmlns="http://www.netbeans.org/ns/project-private/1">
    <editor-bookmarks xmlns="http://www.netbeans.org/ns/editor-bookmarks/2" lastBookmarkId="0"/>
    <open-files xmlns="http://www.netbeans.org/ns/projectui-open-files/2">
        <group>
            <file>file:/C:/Users/Najib/Documents/NetBeansProjects/FPLapangan1/FPLapangan1/FPLapangan1/src/Data/Futsal.java</file>
            <file>file:/C:/Users/Najib/Documents/NetBeansProjects/FPLapangan1/FPLapangan1/FPLapangan1/src/GUI/HomePage.java</file>
            <file>file:/C:/Users/Najib/Documents/NetBeansProjects/FPLapangan1/FPLapangan1/FPLapangan1/src/GUI/LoginPage.java</file>
        </group>
    </open-files>
</project-private>
